Domain,Status,Attractiveness,Demand,Length,Sectors,Created,Expires,Registrar
one.boston,resell,132,43%,3,"Business,General,Media,Technology",10/10/2017 22:33,10/10/2025 22:33,"GoDaddy.com, LLC"
brief.boston,available,124,19%,5,"Business,Education,General,Law",,,
second.boston,available,120,23%,6,"General,Mathematics",,,
complete.boston,available,120,21%,8,"Manufacturing,Retail,Technology",,,
equal.boston,available,116,19%,5,"Education,General,Law",,,
flat.boston,available,116,23%,4,"Construction,Real Estate",,,
tenth.boston,available,116,7%,5,Mathematics,,,
tonic.boston,available,114,22%,5,"Health and Fitness,Medicine,Science",,,
above.boston,available,112,22%,5,Business,,,
acute.boston,available,112,9%,5,"Mathematics,Medicine,Science",,,
hotshot.boston,available,112,14%,7,"Business,Entertainment,Sports",,,
zero.boston,available,112,49%,4,Mathematics,,,
abstract.boston,available,108,29%,8,"Arts,Humanities,Science",,,
abiding.boston,available,106,5%,7,"General,Religion",,,
teen.boston,available,104,14%,4,"Education,Entertainment,Healthcare",,,
active.boston,available,104,27%,6,"Health and Fitness,Sports,Travel",,,
expert.boston,available,104,26%,6,"Business,Education,Technology",,,
captive.boston,available,102,14%,7,"Entertainment,Hospitality,Technology",,,
eight.boston,available,102,23%,5,"General,Mathematics",,,
absent.boston,available,102,8%,6,"Business,Education,Technology",,,
extra.boston,available,102,26%,5,"Fashion,Retail,Technology",,,
ninth.boston,available,100,9%,5,Mathematics,,,
whiz.boston,available,100,12%,4,"Business,Education,Technology",,,
eighth.boston,available,100,6%,6,Mathematics,,,
sixth.boston,available,100,8%,5,Mathematics,,,
third.boston,available,100,15%,5,Mathematics,,,
abrupt.boston,available,100,3%,6,"Medicine,Science",,,
adjunct.boston,available,100,5%,7,Education,,,
crack.boston,available,100,20%,5,Sports,,,
remove.boston,available,100,13%,6,"Construction,Manufacturing,Technology",,,
whizz.boston,available,98,11%,5,"Business,Education,Technology",,,
genius.boston,available,98,46%,6,"Arts,Education,Technology",,,
actual.boston,available,96,22%,6,"Real Estate,Retail,Technology",,,
forgiving.boston,available,96,3%,9,"Healthcare,Religion",,,
alamode.boston,available,96,12%,9,Fashion,,,
academic.boston,available,96,20%,8,"Education,Humanities,Science",,,
doable.boston,available,96,9%,6,"Business,Education,Technology",,,
about.boston,available,94,28%,5,"Business,General,Media,Technology",,,
virtuoso.boston,available,94,16%,8,"Arts,Entertainment",,,
abject.boston,available,94,7%,6,Humanities,,,
adequate.boston,available,94,9%,8,"Education,Healthcare,Technology",,,
neutral.boston,available,92,20%,7,"Business,Media,Politics",,,
twentieth.boston,available,92,3%,9,Mathematics,,,
exemplary.boston,available,92,5%,9,"Business,Education,Healthcare",,,
derelict.boston,available,92,7%,8,"Construction,Real Estate",,,
nought.boston,available,92,4%,6,Mathematics,,,
adjective.boston,available,92,5%,9,Education,,,
adept.boston,available,92,24%,5,"Education,Health and Fitness,Sports",,,
abroad.boston,available,92,12%,6,"Hospitality,Travel",,,
leash.boston,available,90,7%,5,"General,Health and Fitness,Retail",,,
clear.boston,available,90,47%,5,"Manufacturing,Retail,Technology",,,
riveting.boston,available,90,6%,8,"Entertainment,Media,Technology",,,
endearing.boston,available,90,1%,9,"Entertainment,Fashion,Retail",,,
gripping.boston,available,90,3%,8,"Entertainment,Media,Technology",,,
adoring.boston,available,90,2%,7,"Entertainment,Fashion,Retail",,,
additional.boston,available,90,8%,10,"Fashion,Retail,Technology",,,
addictive.boston,available,90,9%,9,Healthcare,,,
abortive.boston,available,90,1%,8,"Medicine,Science",,,
ten.boston,available,88,27%,3,"General,Mathematics",,,
activist.boston,available,88,12%,8,"Humanities,Politics",,,
actionable.boston,available,88,13%,10,"Business,Law",,,
adlib.boston,available,88,7%,6,Entertainment,,,
wide.boston,available,88,18%,4,"Business,Media,Technology",,,
fifteen.boston,available,88,13%,7,Mathematics,,,
three.boston,available,88,23%,5,Mathematics,,,
proficient.boston,available,88,8%,10,"Education,Health and Fitness,Sports",,,
eleven.boston,expiring,88,32%,6,Mathematics,21/09/2024 19:28,21/09/2025 19:28,"GoDaddy.com, LLC"
twelve.boston,available,88,18%,6,"General,Mathematics",,,
sixteen.boston,available,88,10%,7,Mathematics,,,
hundred.boston,available,88,13%,7,Mathematics,,,
recondite.boston,available,86,4%,9,"Arts,Humanities,Science",,,
cipher.boston,available,86,29%,6,Mathematics,,,
aboriginal.boston,available,86,10%,10,Humanities,,,
intent.boston,available,86,25%,6,"Business,Education,Technology",,,
engrossing.boston,available,86,0%,10,"Entertainment,Media,Technology",,,
adolescent.boston,available,86,3%,10,"Education,Entertainment,Healthcare",,,
extempore.boston,available,86,3%,9,Entertainment,,,
xiv.boston,available,86,12%,3,Mathematics,,,
star.boston,resell,86,40%,4,"Entertainment,Media,Sports",27/07/2022 19:24,27/07/2026 19:24,"GoDaddy.com, LLC"
attendant.boston,available,86,5%,9,"Healthcare,Hospitality,Transportation",,,
xix.boston,available,86,10%,3,Mathematics,,,
adjustable.boston,available,84,3%,10,"Manufacturing,Retail,Technology",,,
deviate.boston,available,84,12%,7,"Medicine,Science",,,
thousand.boston,available,84,8%,8,Mathematics,,,
thirteen.boston,available,84,10%,8,Mathematics,,,
sharp.boston,available,84,34%,5,"Arts,Fashion",,,
accessory.boston,available,84,8%,9,"Fashion,Retail,Technology",,,
twentytwo.boston,available,84,10%,10,Mathematics,,,
twentyone.boston,available,84,13%,10,Mathematics,,,
nineteen.boston,available,84,8%,8,Mathematics,,,
fourteen.boston,available,84,8%,8,Mathematics,,,
grand.boston,available,84,25%,5,"Finance,General",,,
seventeen.boston,available,84,7%,9,Mathematics,,,
abroach.boston,available,82,1%,7,Food and Beverage,,,
impromptu.boston,available,82,16%,9,Entertainment,,,
abkhaz.boston,available,82,1%,6,Geography,,,
good.boston,available,82,47%,4,"Food and Beverage,General,Health and Fitness,Retail",,,
absorbent.boston,available,82,3%,9,"Healthcare,Manufacturing,Retail",,,
cleansing.boston,available,82,3%,9,Health and Fitness,,,
altered.boston,available,82,9%,7,"Medicine,Science",,,
enduring.boston,available,82,9%,8,"Health and Fitness,Religion",,,
fivesome.boston,available,82,1%,8,Sports,,,
abdominal.boston,available,82,1%,9,"Health and Fitness,Medicine",,,
abenaki.boston,available,82,2%,7,Geography,,,
decade.boston,available,82,10%,6,Mathematics,,,
dozen.boston,available,82,10%,5,Mathematics,,,
wiz.boston,available,80,30%,3,"Business,Education,Technology",,,
absurd.boston,available,80,16%,6,"Arts,Entertainment,Media",,,
nine.boston,available,80,24%,4,"General,Mathematics",,,
forty.boston,available,80,9%,5,Mathematics,,,
twenty.boston,available,80,12%,6,Mathematics,,,
absolute.boston,available,80,25%,8,"Engineering,Mathematics,Science",,,
abundant.boston,available,80,19%,8,"Agriculture,Manufacturing,Retail",,,
sequent.boston,available,80,7%,7,"Healthcare,Insurance,Transportation",,,
adoptable.boston,available,80,3%,9,"Education,Healthcare",,,
seventh.boston,available,80,10%,7,Mathematics,,,
first.boston,resell,80,34%,5,"General,Mathematics",06/01/2024 01:15,06/01/2026 01:15,"Spaceship, Inc."
trio.boston,available,80,21%,4,Entertainment,,,
two.boston,available,80,23%,3,Mathematics,,,
capable.boston,available,80,12%,7,"Business,Education,Technology",,,
able.boston,available,80,29%,4,"Business,Education,General,Technology",,,
worshipful.boston,available,80,1%,10,"Education,Healthcare,Religion",,,
absorbable.boston,available,80,0%,10,"Healthcare,Pharmaceuticals,Science",,,
dorsal.boston,available,80,6%,6,"Medicine,Science",,,
superstar.boston,available,80,18%,9,Entertainment,,,
some.boston,available,80,32%,4,"Business,Media,Retail",,,
yard.boston,available,80,25%,4,"Construction,General",,,
abounding.boston,available,78,2%,9,Agriculture,,,
acceptant.boston,available,78,1%,9,"Education,Healthcare",,,
dormant.boston,available,78,4%,7,"Medicine,Science",,,
adrenal.boston,available,78,4%,7,"Education,Healthcare,Science",,,
abkhazian.boston,available,78,1%,9,Geography,,,
accepted.boston,available,78,6%,8,"Business,Education,Technology",,,
absorptive.boston,available,78,1%,10,"Healthcare,Manufacturing,Retail",,,
adjacent.boston,available,78,9%,8,"Construction,Real Estate,Retail",,,
honestly.boston,available,78,9%,8,"Business,Law",,,
acceptable.boston,available,78,5%,10,"Business,Hospitality,Retail",,,
accessible.boston,available,78,21%,10,"Healthcare,Retail,Technology",,,
adorable.boston,available,78,8%,8,"Entertainment,Fashion,Retail",,,
low.boston,available,78,20%,3,"Business,Finance",,,
recognized.boston,available,78,3%,10,"Business,Education,Technology",,,
recognised.boston,available,78,3%,10,"Business,Education,Technology",,,
sixtynine.boston,available,78,8%,10,Mathematics,,,
accidental.boston,available,78,11%,10,"Healthcare,Insurance,Transportation",,,
abkhasian.boston,available,78,1%,9,Geography,,,
accurate.boston,available,78,16%,8,"Engineering,Mathematics,Science",,,
athletic.boston,available,78,15%,8,"Health and Fitness,Sports",,,
twentysix.boston,available,78,8%,10,Mathematics,,,
adipose.boston,available,76,2%,7,"Healthcare,Science",,,
addable.boston,available,76,2%,7,"Engineering,Mathematics,Science",,,
adaptable.boston,available,76,9%,9,"Business,Education,Technology",,,
auxiliary.boston,available,76,7%,9,"Healthcare,Manufacturing,Technology",,,
adherent.boston,available,76,4%,8,"Politics,Religion",,,
thousandth.boston,available,76,1%,10,Mathematics,,,
diamond.boston,available,76,32%,7,Fashion,,,
resultant.boston,available,76,2%,9,"Healthcare,Insurance,Transportation",,,
fifteenth.boston,available,76,2%,9,Mathematics,,,
hundredth.boston,available,76,1%,9,Mathematics,,,
eighteen.boston,available,76,7%,8,Mathematics,,,
ancillary.boston,available,76,6%,9,"Healthcare,Manufacturing,Technology",,,
acoustic.boston,available,76,14%,8,Science,,,
ague.boston,available,76,2%,4,"Geography,Medicine,Science",,,
incidental.boston,available,76,4%,10,"Healthcare,Insurance,Transportation",,,
threed.boston,available,76,7%,7,Technology,,,
abrasive.boston,available,76,6%,8,"Construction,Manufacturing",,,
obscene.boston,available,76,5%,7,"Entertainment,Media",,,
improvise.boston,available,76,4%,9,Entertainment,,,
energizing.boston,available,76,3%,10,"Food and Beverage,Health and Fitness,Travel",,,
ventral.boston,available,76,3%,7,Science,,,
nineteenth.boston,available,76,3%,10,Mathematics,,,
adaptive.boston,available,76,28%,8,"Business,Education,Technology",,,
thirteenth.boston,available,76,3%,10,Mathematics,,,
adhesive.boston,available,76,7%,8,"Construction,Manufacturing,Technology",,,
firstrate.boston,available,76,6%,10,Business,,,
fourteenth.boston,available,76,2%,10,Mathematics,,,
sensation.boston,available,74,7%,9,"Entertainment,Media,Sports",,,
mavin.boston,available,74,7%,5,"Entertainment,Fashion,Technology",,,
realizable.boston,available,74,1%,10,"Business,Education,Technology",,,
playing.boston,available,74,12%,7,Entertainment,,,
admirable.boston,available,74,5%,9,"Business,Education,Healthcare",,,
achievable.boston,available,74,4%,10,"Business,Education,Technology",,,
accepting.boston,available,74,3%,9,"Education,Healthcare",,,
broad.boston,available,74,13%,5,"Entertainment,General,Media",,,
acuate.boston,available,74,2%,6,"Engineering,Medicine,Science",,,
abnormal.boston,available,74,16%,8,"Medicine,Science",,,
adenoid.boston,available,74,1%,7,"Health and Fitness,Medicine,Science",,,
adrenergic.boston,available,74,1%,10,"Education,Healthcare,Science",,,
cleared.boston,available,74,7%,7,"Healthcare,Law,Transportation",,,
adapted.boston,available,74,6%,7,"Healthcare,Manufacturing,Technology",,,
adamant.boston,available,74,14%,7,Religion,,,
activated.boston,available,74,9%,9,"Healthcare,Manufacturing,Technology",,,
supra.boston,available,74,25%,5,"Medicine,Science",,,
aberrant.boston,available,74,6%,8,"Medicine,Science",,,
manageable.boston,available,74,4%,10,"Business,Education,Technology",,,
single.boston,available,74,19%,6,Sports,,,
skilful.boston,available,74,3%,7,"Education,Health and Fitness,Sports",,,
adjunctive.boston,available,72,1%,10,"Healthcare,Manufacturing,Technology",,,
ablaze.boston,available,72,6%,6,Entertainment,,,
lovely.boston,available,72,26%,6,"Entertainment,Fashion,Retail",,,
adjectival.boston,available,72,1%,10,Education,,,
adonic.boston,available,72,2%,6,"Arts,Education,Entertainment",,,
accusative.boston,available,72,0%,10,"Humanities,Law",,,
deep.boston,available,72,41%,4,"Engineering,Mathematics,Science",,,
eightieth.boston,available,72,1%,9,Mathematics,,,
ninetieth.boston,available,72,1%,9,Mathematics,,,
trey.boston,available,72,13%,4,Sports,,,
ternary.boston,available,72,7%,7,Mathematics,,,
adaptative.boston,available,72,1%,10,"Business,Education,Technology",,,
adiabatic.boston,available,72,3%,9,"Engineering,Science",,,
addicted.boston,available,72,9%,8,Healthcare,,,
improvize.boston,available,72,1%,9,Entertainment,,,
trinity.boston,available,72,18%,7,Religion,,,
champion.boston,available,72,28%,8,"Entertainment,Health and Fitness,Sports",,,
seventieth.boston,available,72,1%,10,Mathematics,,,
existent.boston,available,72,3%,8,"Mathematics,Science",,,
absorbed.boston,available,72,2%,8,"Entertainment,Media,Technology",,,
engrossed.boston,available,72,1%,9,"Entertainment,Media,Technology",,,
absolutist.boston,available,72,1%,10,"Humanities,Law,Politics",,,
aching.boston,available,72,4%,6,Healthcare,,,
accustomed.boston,available,72,1%,10,"Business,Education,Humanities",,,
abloom.boston,available,72,5%,6,Agriculture,,,
sixtieth.boston,available,72,1%,8,Mathematics,,,
abreast.boston,available,72,2%,7,"Business,Technology",,,
recumbent.boston,available,70,2%,9,"Healthcare,Medicine,Science",,,
offhand.boston,available,70,2%,7,Entertainment,,,
stillborn.boston,available,70,2%,9,"Medicine,Science",,,
abulic.boston,available,70,1%,6,Medicine,,,
acuminate.boston,available,70,1%,9,"Engineering,Medicine,Science",,,
lowdown.boston,available,70,6%,8,"Entertainment,Media",,,
miserable.boston,available,70,4%,9,Humanities,,,
unity.boston,available,70,38%,5,Mathematics,,,
gymnastic.boston,available,70,3%,9,"Entertainment,Sports",,,
abradant.boston,available,70,1%,8,"Construction,Manufacturing",,,
adamantine.boston,available,70,4%,10,Religion,,,
consequent.boston,available,70,3%,10,"Business,Education,General,Technology",,,
adored.boston,available,70,6%,6,"Entertainment,Fashion,Retail",,,
skillful.boston,available,70,9%,8,"Education,Health and Fitness,Sports",,,
admired.boston,available,70,5%,7,"Business,Education,Healthcare",,,
tiptop.boston,available,70,24%,6,Fashion,,,
accumbent.boston,available,70,1%,9,"Healthcare,Medicine,Science",,,
absorbing.boston,available,70,3%,9,"Entertainment,Media,Technology",,,
adjusted.boston,available,70,5%,8,"Manufacturing,Retail,Technology",,,
practiced.boston,available,70,3%,9,"Education,Health and Fitness,Sports",,,
fiftieth.boston,available,68,1%,8,Mathematics,,,
ablative.boston,available,68,3%,8,Science,,,
licensed.boston,available,68,5%,8,"Business,Healthcare,Insurance",,,
septenary.boston,available,68,2%,9,Mathematics,,,
threesome.boston,available,68,5%,9,Entertainment,,,
scurvy.boston,available,68,3%,6,Humanities,,,
achaian.boston,available,68,2%,7,Humanities,,,
ennead.boston,available,68,5%,6,Mathematics,,,
accredited.boston,available,68,9%,10,"Business,Education,Healthcare",,,
aberdonian.boston,available,68,1%,10,Geography,,,
stygian.boston,available,68,5%,7,Humanities,,,
acerate.boston,available,68,1%,7,Science,,,
decorated.boston,available,68,3%,9,"Entertainment,Fashion,Retail",,,
vindicated.boston,available,68,2%,10,"Humanities,Law,Politics",,,
foursome.boston,available,68,4%,8,Sports,,,
fortieth.boston,available,68,1%,8,Mathematics,,,
aculeate.boston,available,68,1%,8,"Engineering,Medicine,Science",,,
thirtieth.boston,available,68,1%,9,Mathematics,,,
aroused.boston,available,68,3%,7,"Entertainment,Health and Fitness",,,
abnaki.boston,available,68,1%,6,Geography,,,
sevener.boston,available,68,1%,7,Mathematics,,,
disciple.boston,available,68,14%,8,"Education,Religion",,,
achaean.boston,available,68,2%,7,Humanities,,,
activating.boston,available,68,3%,10,"Healthcare,Manufacturing,Technology",,,
octonary.boston,available,68,1%,8,Mathematics,,,
abkhas.boston,available,68,0%,6,Geography,,,
licenced.boston,available,68,2%,8,"Business,Healthcare,Insurance",,,
abducent.boston,available,68,0%,8,Medicine,,,
overseas.boston,available,68,12%,8,"Hospitality,Travel",,,
xviii.boston,available,66,4%,5,Mathematics,,,
xiii.boston,available,66,9%,4,Mathematics,,,
exonerated.boston,available,66,2%,10,"Humanities,Law,Politics",,,
according.boston,available,66,3%,9,"Business,Education,Technology",,,
xxv.boston,available,66,6%,3,Mathematics,,,
acrobatic.boston,available,66,4%,9,"Entertainment,Sports",,,
maven.boston,available,66,30%,5,"Entertainment,Fashion,Technology",,,
buzzing.boston,available,66,7%,7,"Entertainment,Media,Technology",,,
abstinent.boston,available,66,1%,9,"Health and Fitness,Religion",,,
xvii.boston,available,66,5%,4,Mathematics,,,
deuce.boston,available,66,8%,5,Sports,,,
sextet.boston,available,66,2%,6,Entertainment,,,
acervate.boston,available,66,1%,8,Science,,,
xxvi.boston,available,66,3%,4,Mathematics,,,
adorned.boston,available,66,5%,7,"Entertainment,Fashion,Retail",,,
modish.boston,available,66,5%,6,Fashion,,,
tenner.boston,available,66,4%,6,Finance,,,
six.boston,available,66,26%,3,Mathematics,,,
accessary.boston,available,66,1%,9,"Business,Law,Technology",,,
eighty.boston,available,66,6%,6,Mathematics,,,
ninety.boston,available,66,11%,6,Mathematics,,,
century.boston,available,66,17%,7,Education,,,
latest.boston,available,66,18%,6,Technology,,,
clv.boston,available,66,10%,3,Mathematics,,,
performing.boston,available,66,6%,10,Entertainment,,,
adopted.boston,available,66,4%,7,"Education,Healthcare",,,
thirty.boston,available,66,7%,6,Mathematics,,,
xii.boston,available,66,10%,3,Mathematics,,,
fifty.boston,available,66,13%,5,Mathematics,,,
onec.boston,available,66,6%,5,Mathematics,,,
four.boston,available,66,27%,4,Mathematics,,,
xvi.boston,available,66,4%,3,Mathematics,,,
acappella.boston,available,66,6%,10,Entertainment,,,
xxii.boston,available,66,6%,4,Mathematics,,,
xxi.boston,available,66,10%,3,Mathematics,,,
teenager.boston,available,66,4%,8,"Education,Entertainment,Healthcare",,,
adagio.boston,available,64,14%,6,Entertainment,,,
absolved.boston,available,64,1%,8,"Humanities,Law,Religion",,,
deviant.boston,available,64,12%,7,"Medicine,Science",,,
aflame.boston,available,64,3%,6,Entertainment,,,
accordant.boston,available,64,3%,9,"Arts,Entertainment",,,
nondrinker.boston,available,64,1%,10,"Health and Fitness,Religion",,,
scatty.boston,available,64,1%,6,"Arts,Entertainment,Media",,,
rising.boston,available,64,18%,6,"Construction,Manufacturing,Real Estate",,,
astringent.boston,available,64,1%,10,"Healthcare,Pharmaceuticals",,,
ccc.boston,available,64,38%,3,Mathematics,,,
acentric.boston,available,64,2%,8,Science,,,
admissible.boston,available,62,1%,10,"Education,Healthcare,Law",,,
playacting.boston,available,62,1%,10,Entertainment,,,
aufait.boston,available,62,3%,7,"Fashion,Media",,,
activistic.boston,available,62,1%,10,"Humanities,Politics",,,
accrued.boston,available,62,2%,7,"Banking,Finance,Insurance",,,
orso.boston,available,62,9%,5,"Business,Media,Technology",,,
twodozen.boston,available,62,1%,9,Mathematics,,,
wrapped.boston,available,62,13%,7,"Fashion,Hospitality,Retail",,,
troika.boston,available,62,8%,6,Politics,,,
adjuvant.boston,available,62,5%,8,"Healthcare,Manufacturing,Technology",,,
longdozen.boston,available,62,1%,10,Mathematics,,,
eleventh.boston,available,62,5%,8,Mathematics,,,
chiliad.boston,available,62,2%,7,Mathematics,,,
abo.boston,available,62,15%,3,Science,,,
quartet.boston,available,62,7%,7,"Arts,Entertainment",,,
accusing.boston,available,62,1%,8,Law,,,
nail.boston,available,62,16%,4,"Construction,Fashion,General,Retail",,,
roughly.boston,available,62,3%,7,"Business,Media,Technology",,,
eighteenth.boston,available,62,1%,10,Mathematics,,,
acidic.boston,available,62,5%,6,"Food and Beverage,Science",,,
sixteenth.boston,available,62,1%,9,Mathematics,,,
pungent.boston,available,62,1%,7,Food and Beverage,,,
exculpated.boston,available,62,1%,10,"Humanities,Law,Politics",,,
adoptive.boston,available,62,1%,8,"Education,Healthcare",,,
cumulative.boston,available,62,2%,10,"Banking,Finance,Insurance",,,
ensuant.boston,available,62,1%,7,"Healthcare,Insurance,Transportation",,,
aborigine.boston,available,62,1%,9,Humanities,,,
activation.boston,available,62,16%,10,"Healthcare,Manufacturing,Technology",,,
fortyfour.boston,available,62,6%,10,Mathematics,,,
paunchy.boston,available,60,0%,7,"Health and Fitness,Medicine",,,
cxxx.boston,available,60,3%,4,Mathematics,,,
xcl.boston,available,60,5%,3,Mathematics,,,
annexal.boston,available,60,1%,7,"Agriculture,Manufacturing,Retail",,,
adnate.boston,available,60,1%,6,"Agriculture,Manufacturing,Retail",,,
octet.boston,available,60,12%,5,Arts,,,
clxx.boston,available,60,2%,4,Mathematics,,,
adnexal.boston,available,60,1%,7,"Agriculture,Manufacturing,Retail",,,
idolised.boston,available,60,1%,8,"Entertainment,Fashion,Retail",,,
cxl.boston,available,60,7%,3,Mathematics,,,
cxxxv.boston,available,60,1%,5,Mathematics,,,
cxv.boston,available,60,4%,3,Mathematics,,,
cxx.boston,available,60,9%,3,Mathematics,,,
thou.boston,available,60,7%,4,Mathematics,,,
clxv.boston,available,60,1%,4,Mathematics,,,
acceptive.boston,available,60,1%,9,"Education,Healthcare",,,
aboveboard.boston,available,60,5%,10,"Business,Law",,,
cxxv.boston,available,60,1%,4,Mathematics,,,
abashed.boston,available,60,1%,7,Humanities,,,
cxlv.boston,available,60,2%,4,Mathematics,,,
clxxx.boston,available,60,1%,5,Mathematics,,,
tertiary.boston,available,60,4%,8,Education,,,
abstainer.boston,available,60,0%,9,"Health and Fitness,Religion",,,
abstemious.boston,available,60,0%,10,"Food and Beverage,Health and Fitness,Hospitality",,,
clxxv.boston,available,60,1%,5,Mathematics,,,
clx.boston,available,60,8%,3,Mathematics,,,
cautionary.boston,available,60,1%,10,"Business,Education,Healthcare",,,
eightysix.boston,available,60,7%,10,Mathematics,,,
sixty.boston,available,60,13%,5,Mathematics,,,
idolized.boston,available,60,3%,8,"Entertainment,Fashion,Retail",,,
tercet.boston,available,59,2%,6,"Arts,Entertainment,Media",,,
heptad.boston,available,58,2%,6,Mathematics,,,
enwrapped.boston,available,58,0%,9,"Entertainment,Fashion,Media",,,
lxxviii.boston,available,58,1%,7,Mathematics,,,
fifth.boston,available,58,12%,5,Mathematics,,,
ache.boston,available,58,7%,4,Healthcare,,,
fourscore.boston,available,58,4%,9,Mathematics,,,
sixtyone.boston,available,58,5%,9,Mathematics,,,
abridged.boston,available,58,4%,8,Media,,,
hexad.boston,available,58,5%,5,Mathematics,,,
pentad.boston,available,58,3%,6,Mathematics,,,
aucourant.boston,available,58,3%,10,"Fashion,Media",,,
lxxx.boston,available,58,2%,4,Mathematics,,,
addressed.boston,available,58,3%,9,"Business,Technology,Telecommunications",,,
tetrad.boston,available,58,5%,6,Mathematics,,,
octad.boston,available,58,5%,5,Mathematics,,,
acyclic.boston,available,58,4%,7,"Engineering,Mathematics,Science",,,
accented.boston,available,58,3%,8,"Arts,Entertainment",,,
justabout.boston,available,58,3%,10,"Business,Media,Technology",,,
super.boston,available,58,47%,5,Business,,,
cypher.boston,available,58,28%,6,Mathematics,,,
linear.boston,available,58,22%,6,"Engineering,Mathematics,Science",,,
eighter.boston,available,58,2%,7,Mathematics,,,
abandoned.boston,available,58,10%,9,"Construction,Real Estate",,,
adhoc.boston,available,58,24%,6,"Business,Engineering,Technology",,,
adjustive.boston,available,58,1%,9,"Manufacturing,Retail,Technology",,,
niner.boston,available,58,5%,5,Mathematics,,,
acetic.boston,available,58,1%,6,"Food and Beverage,Science",,,
abused.boston,available,58,5%,6,"Healthcare,Law",,,
offhanded.boston,available,58,1%,9,Entertainment,,,
seventy.boston,available,58,7%,7,Mathematics,,,
sextuplet.boston,available,58,1%,9,Healthcare,,,
alacarte.boston,available,58,11%,10,Food and Beverage,,,
accoutred.boston,available,58,1%,9,"Fashion,Manufacturing,Retail",,,
sixer.boston,available,58,5%,5,Sports,,,
actuarial.boston,available,58,8%,9,"Finance,Insurance,Mathematics",,,
abuzz.boston,available,58,5%,5,"Entertainment,Media,Technology",,,
twelfth.boston,available,58,2%,7,Mathematics,,,
fourth.boston,available,58,13%,6,Mathematics,,,
addible.boston,available,58,2%,7,"Engineering,Mathematics,Science",,,
quintet.boston,available,58,8%,7,"Arts,Entertainment",,,
closeto.boston,available,58,3%,8,"Business,Media,Technology",,,
accretive.boston,available,58,6%,9,"Banking,Finance,Insurance",,,
centesimal.boston,available,58,1%,10,Mathematics,,,
adient.boston,available,58,4%,6,"Medicine,Science",,,
seven.boston,available,58,35%,5,Mathematics,,,
xlvii.boston,available,56,2%,5,Mathematics,,,
fortynine.boston,available,56,3%,10,Mathematics,,,
fiftyfive.boston,available,56,8%,10,Mathematics,,,
liii.boston,available,56,4%,4,Mathematics,,,
lvi.boston,available,56,8%,3,Mathematics,,,
admissive.boston,available,56,1%,9,"Education,Healthcare,Hospitality",,,
xxxvi.boston,available,56,1%,5,Mathematics,,,
thirtysix.boston,available,56,5%,10,Mathematics,,,
accoutered.boston,available,56,0%,10,"Fashion,Manufacturing,Retail",,,
ilx.boston,available,56,6%,3,Mathematics,,,
xxxiii.boston,available,56,2%,6,Mathematics,,,
lvii.boston,available,56,2%,4,Mathematics,,,
xxxviii.boston,available,56,1%,7,Mathematics,,,
xxiv.boston,available,56,5%,4,Mathematics,,,
fortytwo.boston,available,56,17%,9,Mathematics,,,
thirtytwo.boston,available,56,4%,10,Mathematics,,,
xxiii.boston,available,56,4%,5,Mathematics,,,
abeyant.boston,available,56,1%,7,"Business,Law",,,
admittable.boston,available,56,1%,10,"Education,Healthcare,Hospitality",,,
abdominous.boston,available,56,0%,10,"Health and Fitness,Medicine",,,
xli.boston,available,56,5%,3,Mathematics,,,
xliv.boston,available,56,3%,4,Mathematics,,,
fiftyfour.boston,available,56,4%,10,Mathematics,,,
fiftyone.boston,available,56,8%,9,Mathematics,,,
halfdozen.boston,available,56,1%,10,Mathematics,,,
terzetto.boston,available,56,3%,8,Arts,,,
xxxvii.boston,available,56,2%,6,Mathematics,,,
xxvii.boston,available,56,3%,5,Mathematics,,,
fortysix.boston,available,56,4%,9,Mathematics,,,
maledict.boston,available,56,1%,8,Religion,,,
xlvi.boston,available,56,3%,4,Mathematics,,,
xlv.boston,available,56,6%,3,Mathematics,,,
fiftynine.boston,available,56,4%,10,Mathematics,,,
xxxi.boston,available,56,8%,4,Mathematics,,,
admittible.boston,available,56,1%,10,"Education,Healthcare,Hospitality",,,
xxix.boston,available,56,4%,4,Mathematics,,,
fiftysix.boston,available,56,4%,9,Mathematics,,,
fortyone.boston,available,56,5%,9,Mathematics,,,
xxviii.boston,available,56,1%,6,Mathematics,,,
xlviii.boston,available,56,1%,6,Mathematics,,,
lviii.boston,available,56,1%,5,Mathematics,,,
xlii.boston,available,56,5%,4,Mathematics,,,
xxxii.boston,available,56,1%,5,Mathematics,,,
potbellied.boston,available,56,0%,10,"Health and Fitness,Medicine",,,
xxxiv.boston,available,56,1%,5,Mathematics,,,
aone.boston,available,56,15%,5,Food and Beverage,,,
lii.boston,available,56,7%,3,Mathematics,,,
xliii.boston,available,56,1%,5,Mathematics,,,
addled.boston,available,56,2%,6,Entertainment,,,
fiftytwo.boston,available,56,6%,9,Mathematics,,,
triad.boston,available,56,15%,5,Arts,,,
thirtyone.boston,available,56,4%,10,Mathematics,,,
xxxv.boston,available,56,4%,4,Mathematics,,,
appressed.boston,available,56,0%,9,"Agriculture,Manufacturing,Retail",,,
fin.boston,available,54,30%,3,Finance,,,
achy.boston,available,54,3%,4,Healthcare,,,
iii.boston,available,54,24%,3,Mathematics,,,
abaxial.boston,available,54,1%,7,Science,,,
quatern.boston,available,54,2%,7,Mathematics,,,
adaxial.boston,available,54,2%,7,Science,,,
deserted.boston,available,54,3%,8,"Hospitality,Real Estate",,,
abducens.boston,available,54,1%,8,Medicine,,,
adducting.boston,available,54,1%,9,"Engineering,Mathematics,Science",,,
threescore.boston,available,54,2%,10,Mathematics,,,
ternion.boston,available,54,3%,7,Mathematics,,,
abatic.boston,available,54,1%,6,Science,,,
adductive.boston,available,54,0%,9,"Engineering,Mathematics,Science",,,
topnotch.boston,available,54,18%,8,Business,,,
accentual.boston,available,54,3%,9,"Arts,Entertainment",,,
twoscore.boston,available,54,2%,8,Mathematics,,,
achromatic.boston,available,54,4%,10,Science,,,
quadruplet.boston,available,54,1%,10,"Healthcare,Medicine,Science",,,
quaternity.boston,available,54,4%,10,Mathematics,,,
deuceace.boston,available,54,1%,9,Sports,,,
actuated.boston,available,54,2%,8,"Automotive,Manufacturing,Technology",,,
scratchy.boston,available,54,3%,8,Fashion,,,
viii.boston,available,54,6%,4,Mathematics,,,
adpressed.boston,available,54,0%,9,"Agriculture,Manufacturing,Retail",,,
quintuplet.boston,available,54,1%,10,"Healthcare,Medicine,Science",,,
adducent.boston,available,54,1%,8,"Engineering,Mathematics,Science",,,
abient.boston,available,54,1%,6,Science,,,
unnatural.boston,available,54,4%,9,"Medicine,Science",,,
quaternion.boston,available,54,6%,10,Mathematics,,,
sise.boston,available,54,5%,4,Mathematics,,,
admonitory.boston,available,54,0%,10,"Business,Education,Healthcare",,,
abatable.boston,available,54,1%,8,Law,,,
aboral.boston,available,54,2%,6,Science,,,
fortyfive.boston,available,54,5%,10,Mathematics,,,
adjuratory.boston,available,54,0%,10,"Law,Politics,Religion",,,
vii.boston,available,54,13%,3,Mathematics,,,
abasic.boston,available,54,1%,6,Science,,,
acoustical.boston,available,54,4%,10,Science,,,
monitory.boston,available,54,3%,8,"Business,Education,Healthcare",,,
abhorrent.boston,available,54,1%,9,Humanities,,,
accursed.boston,available,54,3%,8,"Entertainment,Media,Religion",,,
xxx.boston,resell,53,30%,3,"Arts,Entertainment,Media",10/05/2021 22:53,10/05/2026 22:53,"GoDaddy.com, LLC"
sestet.boston,available,53,1%,6,Arts,,,
septet.boston,available,53,1%,6,General,,,
xcii.boston,available,52,2%,4,Mathematics,,,
ninetysix.boston,available,52,4%,10,Mathematics,,,
xcv.boston,available,52,7%,3,Mathematics,,,
abusive.boston,available,52,3%,7,"Healthcare,Law",,,
lxxxv.boston,available,52,1%,5,Mathematics,,,
abominable.boston,available,52,2%,10,"Entertainment,Humanities",,,
chagrined.boston,available,52,1%,9,Humanities,,,
lxxxvi.boston,available,52,1%,6,Mathematics,,,
ixc.boston,available,52,5%,3,Mathematics,,,
lxxxii.boston,available,52,1%,6,Mathematics,,,
xcvii.boston,available,52,1%,5,Mathematics,,,
lxxii.boston,available,52,1%,5,Mathematics,,,
lxxxi.boston,available,52,1%,5,Mathematics,,,
littlejoe.boston,available,52,2%,10,"Entertainment,Media",,,
ablated.boston,available,52,1%,7,Science,,,
abysmal.boston,available,52,4%,7,"Arts,Entertainment,Media",,,
lxxvii.boston,available,52,2%,6,Mathematics,,,
sixtytwo.boston,available,52,3%,9,Mathematics,,,
xcviii.boston,available,52,1%,6,Mathematics,,,
lxvii.boston,available,52,1%,5,Mathematics,,,
sixtyfive.boston,available,52,3%,10,Mathematics,,,
lxviii.boston,available,52,2%,6,Mathematics,,,
lxxxiii.boston,available,52,1%,7,Mathematics,,,
decumbent.boston,available,52,1%,9,"Healthcare,Medicine,Science",,,
tierce.boston,available,52,3%,6,General,,,
repugnant.boston,available,52,1%,9,Humanities,,,
ixl.boston,available,52,9%,3,Mathematics,,,
sixtysix.boston,available,52,5%,9,Mathematics,,,
adenoidal.boston,available,52,1%,9,"Health and Fitness,Medicine,Science",,,
xciii.boston,available,52,1%,5,Mathematics,,,
lxiii.boston,available,52,2%,5,Mathematics,,,
odious.boston,available,52,2%,6,"Entertainment,Humanities",,,
detestable.boston,available,52,1%,10,Humanities,,,
xciv.boston,available,52,2%,4,Mathematics,,,
ninetyone.boston,available,52,5%,10,Mathematics,,,
lxxv.boston,available,52,2%,4,Mathematics,,,
lxxxvii.boston,available,52,1%,7,Mathematics,,,
xcvi.boston,available,52,2%,4,Mathematics,,,
lxxiii.boston,available,52,2%,6,Mathematics,,,
repulsive.boston,available,52,1%,9,Humanities,,,
lxv.boston,available,52,5%,3,Mathematics,,,
lxxvi.boston,available,52,1%,5,Mathematics,,,
sixtyfour.boston,available,52,4%,10,Mathematics,,,
uphill.boston,available,52,7%,6,"Sports,Transportation,Travel",,,
eightytwo.boston,available,52,4%,10,Mathematics,,,
lxii.boston,available,52,2%,4,Mathematics,,,
xci.boston,available,52,4%,3,Mathematics,,,
eightyone.boston,available,52,3%,10,Mathematics,,,
abstruse.boston,available,52,5%,8,"Humanities,Mathematics,Science",,,
aboulic.boston,available,52,1%,7,Medicine,,,
lxxiv.boston,available,52,1%,5,Mathematics,,,
ninetytwo.boston,available,52,4%,10,Mathematics,,,
lxxi.boston,available,52,2%,4,Mathematics,,,
lxvi.boston,available,52,3%,4,Mathematics,,,
lxiv.boston,available,52,3%,4,Mathematics,,,
lxi.boston,available,52,5%,3,Mathematics,,,
lxxxiv.boston,available,52,1%,6,Mathematics,,,
acerb.boston,available,50,2%,5,Science,,,
acaudal.boston,available,50,1%,7,"Agriculture,Science",,,
acapnic.boston,available,50,0%,7,"Healthcare,Medicine,Science",,,
abomasal.boston,available,50,0%,8,Agriculture,,,
adactylous.boston,available,50,0%,10,Science,,,
trine.boston,available,50,11%,5,"General,Religion",,,
quint.boston,available,50,13%,5,"Arts,Entertainment",,,
abactinal.boston,available,50,0%,9,Science,,,
gillless.boston,available,50,0%,9,Science,,,
acquitted.boston,available,50,1%,9,Law,,,
acapnotic.boston,available,50,0%,9,"Healthcare,Medicine,Science",,,
vinegary.boston,available,50,1%,8,Food and Beverage,,,
aborticide.boston,available,50,0%,10,Medicine,,,
acerose.boston,available,50,1%,7,Science,,,
adhominem.boston,available,50,2%,10,"Humanities,Law,Politics",,,
abdicable.boston,available,50,0%,9,Law,,,
aculeated.boston,available,50,0%,9,"Engineering,Medicine,Science",,,
ogdoad.boston,available,50,1%,6,Mathematics,,,
triplet.boston,available,50,8%,7,Science,,,
cinque.boston,available,50,7%,6,Mathematics,,,
acerbic.boston,available,50,2%,7,"Arts,Humanities,Media",,,
abranchial.boston,available,50,0%,10,Science,,,
needlelike.boston,available,50,0%,10,"Engineering,Medicine,Science",,,
scummy.boston,available,50,1%,6,Humanities,,,
abbatial.boston,available,50,0%,8,Religion,,,
lxx.boston,available,50,5%,3,Mathematics,,,
acellular.boston,available,50,1%,9,Science,,,
abducting.boston,available,50,0%,9,Medicine,,,
spinous.boston,available,50,1%,7,"Agriculture,Science",,,
broached.boston,available,50,0%,8,Food and Beverage,,,
acetous.boston,available,50,1%,7,Science,,,
acetose.boston,available,50,1%,7,Science,,,
abstracted.boston,available,48,5%,10,"Arts,Humanities,Science",,,
abyssal.boston,available,48,12%,7,"Arts,Entertainment,Media",,,
ilxxx.boston,available,48,1%,5,Mathematics,,,
execrable.boston,available,48,0%,9,"Entertainment,Humanities",,,
lxxxviii.boston,available,48,1%,8,Mathematics,,,
apriori.boston,available,48,13%,8,Mathematics,,,
ilxx.boston,available,48,1%,4,Mathematics,,,
stemless.boston,available,46,2%,8,"Agriculture,Science",,,
acetabular.boston,available,46,1%,10,Science,,,
acanthous.boston,available,46,0%,9,"Agriculture,Science",,,
acephalous.boston,available,46,1%,10,Science,,,
theabsurd.boston,available,46,1%,10,"Arts,Entertainment,Media",,,
quaternary.boston,available,46,3%,10,Mathematics,,,
acheronian.boston,available,46,1%,10,Humanities,,,
achromous.boston,available,46,1%,9,Science,,,
acanthotic.boston,available,46,0%,10,"Agriculture,Science",,,
achenial.boston,available,46,1%,8,Science,,,
acetylic.boston,available,46,1%,8,Science,,,
acicular.boston,available,46,2%,8,Science,,,
acaudate.boston,available,46,1%,8,"Agriculture,Science",,,
vinegarish.boston,available,46,1%,10,Food and Beverage,,,
cotyloid.boston,available,46,1%,8,Science,,,
acetylenic.boston,available,46,1%,10,Science,,,
acetonic.boston,available,46,1%,8,Science,,,
achromic.boston,available,46,2%,8,Science,,,
acapnial.boston,available,46,0%,8,"Healthcare,Medicine,Science",,,
stripling.boston,available,46,2%,9,"Education,Entertainment,Healthcare",,,
acarpous.boston,available,46,0%,8,"Agriculture,Science",,,
acanthoid.boston,available,46,1%,9,"Agriculture,Science",,,
acarpelous.boston,available,46,0%,10,"Agriculture,Science",,,
cotyloidal.boston,available,44,1%,10,Science,,,
accusatory.boston,available,44,1%,10,Law,,,
acherontic.boston,available,44,1%,10,Humanities,,,
phoebe.boston,available,41,14%,6,Science,,,
abscessed.boston,available,41,0%,9,Healthcare,,,
scurrilous.boston,available,40,1%,10,"Entertainment,Media,Politics",,,
accusive.boston,available,40,1%,8,Law,,,
accurst.boston,available,40,1%,7,Religion,,,